<applet-app xmlns="http://java.sun.com/xml/ns/javacard" xmlns:xsi="http://www.w3.org/2001/XMLSchema-instance" version="3.0" xsi:schemaLocation="http://java.sun.com/xml/ns/javacard http://java.sun.com/xml/ns/javacard/applet-app_3_0.xsd">
    <applet>
        <display-name>Account Accessor</display-name>
        <applet-class>com.sun.jchowto.channels.AccountAccessor</applet-class>
        <applet-AID>//aid/A000000062/03010C0B01</applet-AID>
    </applet>
    <applet>
        <display-name>Connection Manager</display-name>
        <applet-class>com.sun.jchowto.channels.ConnectionManager</applet-class>
        <applet-AID>//aid/A000000062/03010C0B02</applet-AID>
    </applet>
</applet-app>
