<?xml version="1.0" encoding="UTF-8"?>
<project xmlns="http://www.netbeans.org/ns/project/1">
    <type>org.netbeans.modules.javacard.JCPROJECT</type>
    <configuration>
        <data xmlns="http://www.netbeans.org/ns/javacard-project/1">
            <!-- Do not use Project Properties customizer when editing this file manually. -->
            <name>TurnstileWeb</name>
            <properties>
                <property name="javacard.project.subtype">org.netbeans.modules.javacard.webproject</property>
                <property name="ant.script">build.xml</property>
            </properties>
            <folders>
                <source-folder>
                    <label>src</label>
                    <type>java</type>
                    <location>src</location>
                </source-folder>
                <source-folder>
                    <label>WebModuleWithAnt</label>
                    <type>doc_root</type>
                    <location>.</location>
                </source-folder>
                <source-folder>
                    <label>WEB-INF</label>
                    <type>web_inf</type>
                    <location>WEB-INF</location>
                </source-folder>
            </folders>
            <view>
                <items>
                    <source-folder style="tree">
                        <label>Web Pages</label>
                        <location>html</location>
                    </source-folder>
                    <source-folder style="tree">
                        <label>WEB-INF Content</label>
                        <location>WEB-INF</location>
                    </source-folder>
                    <source-folder style="Source packages">
                        <label>src</label>
                        <location>src</location>
                    </source-folder>
                    <source-file>
                        <location>${ant.script}</location>
                    </source-file>
                </items>
            </view>
        </data>
    </configuration>
</project>
