<?xml version="1.0" encoding="UTF-8"?>
<project xmlns="http://www.netbeans.org/ns/project/1">
    <type>org.netbeans.modules.javacard.JCPROJECT</type>
    <configuration>
        <data xmlns="http://www.netbeans.org/ns/javacard-project/3">
            <!-- Do not use Project Properties customizer when editing this file manually. -->
            <name>POSWeb</name>
            <properties>
                <property name="javacard.project.subtype">org.netbeans.modules.javacard.webproject</property>
            </properties>
            <source-roots>
                <root id="src.dir"/>
            </source-roots>
            <dependencies>
                <dependency deployment="ALREADY_ON_CARD" id="TransitExtLib.jar" kind="EXTENSION_LIB_JAR"/>
                <dependency deployment="ALREADY_ON_CARD" id="WalletClassicLib.cap" kind="JAR_WITH_EXP_FILE"/>
            </dependencies>
        </data>
    </configuration>
</project>
