<?xml version="1.0" encoding="ISO-8859-1"?>
<!--
    Copyright (c) 2009 Sun Microsystems, Inc.
    All rights reserved.
    Use is subject to license terms.
-->
<javacard-app version="3.0"
              xmlns="http://java.sun.com/xml/ns/javacard"
              xmlns:xsi="http://www.w3.org/2001/XMLSchema-instance"
              xsi:schemaLocation="http://java.sun.com/xml/ns/javacard http://java.sun.com/xml/ns/jcns/javacard-app_3_0.xsd">
    <!-- -->
    <card-holder-authorization>
        <role-name>ch</role-name>
    </card-holder-authorization>
    <security-role>
        <role-name category="USER">ru</role-name>
    </security-role>
    <security-role>
        <role-name category="USER">ch</role-name>
    </security-role>

</javacard-app>
