<?xml version="1.0" encoding="UTF-8"?>
<!--
*** GENERATED FROM project.xml - DO NOT EDIT  ***
***         EDIT ../build.xml INSTEAD         ***
        -->
<project name="TransitExtLib-impl" basedir="..">
    <property file="config/project.properties"/>
    <property environment="env"/>
    <target name="clean">
        <delete dir="${build.dir}"/>
        <delete dir="${dest.dir}"/>
    </target>
    <target name="help">
        <echo>
help  - Displays this help message
clean - Cleans the project
build - Creates the deployable bundle (This is default target)
run   - Builds and deploys the application and starts the browser.
                </echo>
    </target>
    <target name="--fail-if-JC_CONNECTED_HOME-is-not-set" unless="env.JC_CONNECTED_HOME">
        <echo>JC_CONNECTED_HOME is not set.</echo>
        <fail/>
    </target>
    <target name="--is-from-command-line" unless="netbeans.user">
        <antcall target="--fail-if-JC_CONNECTED_HOME-is-not-set"/>
        <dirname property="jcdevkit.home" file="${env.JC_CONNECTED_HOME}/JCDevKitUG-3_0.pdf"/>
        <taskdef name="nb-jcServerInfo" classname="com.sun.javacard.ant.tasks.JCServerInfoTask" classpath="${jcdevkit.home}/lib/jctasks.jar"/>
        <taskdef name="nb-resumeJCServer" classname="com.sun.javacard.ant.tasks.JCStartServerTask" classpath="${jcdevkit.home}/lib/jctasks.jar"/>
        <taskdef name="nb-startJCServer" classname="com.sun.javacard.ant.tasks.JCStartServerTask" classpath="${jcdevkit.home}/lib/jctasks.jar"/>
        <taskdef name="jc-if" classname="com.sun.javacard.ant.tasks.IfTask" classpath="${jcdevkit.home}/lib/jctasks.jar"/>
        <taskdef name="jc-else" classname="com.sun.javacard.ant.tasks.ElseTask" classpath="${jcdevkit.home}/lib/jctasks.jar"/>
        <taskdef name="jc-then" classname="com.sun.javacard.ant.tasks.ThenTask" classpath="${jcdevkit.home}/lib/jctasks.jar"/>
        <taskdef name="nbbrowse" classname="com.sun.javacard.ant.tasks.OpenBrowserTask" classpath="${jcdevkit.home}/lib/jctasks.jar"/>
    </target>
    <target name="--init-jcdevkit-home-from-private-properties" if="netbeans.user">
        <property file="config/private/platform-private.properties"/>
    </target>
    <target name="-init" depends="--is-from-command-line, --init-jcdevkit-home-from-private-properties">
        <property name="jcdk.lib" location="${jcdevkit.home}/lib"/>
        <path id="javacard.classpath">
            <pathelement location="${jcdk.lib}/api_connected.jar"/>
        </path>
        <mkdir dir="${build.dir}"/>
        <mkdir dir="${build.meta.inf.dir}"/>
        <mkdir dir="${build.classes.dir}"/>
        <mkdir dir="${dest.dir}"/>
    </target>
    <target name="compile" depends="-init">
        <javac srcdir="${src.dir}" destdir="${build.classes.dir}" source="6" target="6" nowarn="true" debug="yes" optimize="no" classpath="${class.path}" bootclasspathref="javacard.classpath"/>
        <copy todir="${build.classes.dir}">
            <fileset dir="${src.dir}">
                <exclude name="**/*.java"/>
            </fileset>
        </copy>
    </target>
    <target name="build" depends="compile, create-descriptors, pack"/>
    <target name="create-descriptors">
        <copy file="${runtime.descriptor}" tofile="${build.meta.inf.dir}/MANIFEST.MF"/>
    </target>
    <target name="pack">
        <nb-jcServerInfo serverId="${jc.server.id}" cardManagerURLProperty="card.manager.url" targetProperty="card.target" serverNameProperty="card.name" toolsClassPathProperty="card.tools.jars"/>
        <java classname="com.sun.javacard.packager.Main" dir="${jcdevkit.home}/bin" classpath="${card.tools.jars}" fork="true" failonerror="true">
            <arg value="create"/>
            <arg value="--type"/>
            <arg value="extension-lib"/>
            <arg value="--out"/>
            <arg file="${dest.jar}"/>
            <arg value="--sign"/>
            <arg value="-K"/>
            <arg file="${jcdevkit.home}/samples/keystore/a.keystore"/>
            <arg value="-P"/>
            <arg value="password"/>
            <arg value="-S"/>
            <arg value="password"/>
            <arg value="-A"/>
            <arg value="ri"/>
            <arg file="${build.dir}"/>
            <arg value="--force"/>
        </java>
    </target>
    <target name="run" depends="build, jc-load"/>
    <target name="all" depends="build"/>
    <target name="-jc-load">
        <nb-startJCServer serverId="${jc.server.id}" forDebug="${_fordebug_}" warFile="${dest.jar}" cardManagerURLProperty="card.manager.url" targetProperty="card.target" serverNameProperty="card.name" toolsClassPathProperty="card.tools.jars"/>
        <echo>Loading ${display.name} onto ${card.name}.</echo>
        <jc-if condition="equals" name="card.target" value="RI">
            <jc-then>
                <waitfor>
                    <http url="${card.manager.url}"/>
                </waitfor>
            </jc-then>
        </jc-if>
        <java classname="com.sun.javacard.offcardinstaller.Main" dir="${jcdevkit.home}/bin" classpath="${card.tools.jars}" fork="true" failonerror="${param_failonerror}">
            <arg value="load"/>
            <arg value="-c"/>
            <arg value="${card.manager.url}"/>
            <arg value="-n"/>
            <arg value="${display.name}"/>
            <arg file="${dest.jar}"/>
            <arg value="-s"/>
            <arg value="${dest.sig}"/>
            <arg value="-t"/>
            <arg value="extension-lib"/>
        </java>
    </target>
    <target name="-jc-unload">
        <nb-startJCServer serverId="${jc.server.id}" forDebug="${_fordebug_}" warFile="${dest.jar}" cardManagerURLProperty="card.manager.url" targetProperty="card.target" serverNameProperty="card.name" toolsClassPathProperty="card.tools.jars"/>
        <echo>Unloading ${display.name} from ${card.name}.</echo>
        <jc-if condition="equals" name="card.target" value="RI">
            <jc-then>
                <waitfor>
                    <http url="${card.manager.url}"/>
                </waitfor>
            </jc-then>
        </jc-if>
        <java classname="com.sun.javacard.offcardinstaller.Main" dir="${jcdevkit.home}/bin" classpath="${card.tools.jars}" fork="true" failonerror="${param_failonerror}">
            <arg value="unload"/>
            <arg value="-c"/>
            <arg value="${card.manager.url}"/>
            <arg value="-n"/>
            <arg value="${display.name}"/>
            <arg value="-f"/>
        </java>
    </target>
    <target name="jc-load">
        <antcall target="-jc-unload">
            <param name="param_failonerror" value="false"/>
        </antcall>
        <antcall target="-jc-load">
            <param name="param_failonerror" value="true"/>
        </antcall>
    </target>
    <target name="jc-unload">
        <antcall target="-jc-unload">
            <param name="param_failonerror" value="true"/>
        </antcall>
    </target>
</project>
