<?xml version="1.0" encoding="UTF-8"?>
<project-private xmlns="http://www.netbeans.org/ns/project-private/1">
    <open-files xmlns="http://www.netbeans.org/ns/projectui-open-files/1">
        <file>file:/C:/Users/sawhneya/Documents/NetBeansProjects/javacard~subversion/samples/web/DynamicSecureWebHosting/src/com/sun/jchowto/dynamicsecurewebhosting/IndexServlet.java</file>
        <file>file:/C:/Users/sawhneya/Documents/NetBeansProjects/javacard~subversion/samples/web/DynamicSecureWebHosting/src/com/sun/jchowto/dynamicsecurewebhosting/DynamicSecureWebHostingServlet.java</file>
        <file>file:/C:/Users/sawhneya/Documents/NetBeansProjects/javacard~subversion/samples/web/DynamicSecureWebHosting/WEB-INF/web.xml</file>
        <file>file:/C:/Users/sawhneya/Documents/NetBeansProjects/javacard~subversion/samples/web/DynamicSecureWebHosting/META-INF/javacard.xml</file>
        <file>file:/C:/Users/sawhneya/Documents/NetBeansProjects/javacard~subversion/samples/web/DynamicSecureWebHosting/META-INF/MANIFEST.MF</file>
    </open-files>
</project-private>
