<?xml version="1.0" encoding="UTF-8"?>
<javacard-app xmlns="http://java.sun.com/xml/ns/javacard" xmlns:xsi="http://www.w3.org/2001/XMLSchema-instance" version="3.0" xsi:schemaLocation="http://java.sun.com/xml/ns/javacard http://java.sun.com/xml/ns/jcns/javacard-app_3_0.xsd">
    <shareable-interface-classes>
        <description>Shared Ticketbook Control service allows the transit user's ticket book to be unblocked</description>
        <display-name>Ticket book service</display-name>
        <class name="com.sun.jcdemo.transit.pos.SharedTicketBookControl"/>
    </shareable-interface-classes>
    <security-role>
        <role-name category="ON-CARD-CLIENT">TURNSTILE_CLIENT
        </role-name>
    </security-role>
    <security-role>
        <role-name category="ON-CARD-CLIENT">ADMIN_CLIENT
        </role-name>
    </security-role>
    <security-role>
        <role-name category="USER">ADMIN
        </role-name>
    </security-role>
    <security-role>
        <role-name category="USER">OWNER-POS
        </role-name>
    </security-role>
    <security-role>
        <role-name category="USER">OWNER-ADMIN
        </role-name>
    </security-role>
</javacard-app>
